"","year","month","corps","n"
"1",2017,1,"Administratif",7833
"61",2017,1,"Ouvrier",1371
"121",2017,1,"Technique",557
"181",2017,1,"Unknown",1
"241",2017,1,"Total général",9762
"21",2017,2,"Administratif",7837
"81",2017,2,"Ouvrier",1372
"141",2017,2,"Technique",555
"201",2017,2,"Unknown",1
"261",2017,2,"Total général",9765
"26",2017,3,"Administratif",7848
"86",2017,3,"Ouvrier",1372
"146",2017,3,"Technique",556
"206",2017,3,"Unknown",1
"266",2017,3,"Total général",9777
"31",2017,4,"Administratif",7847
"91",2017,4,"Ouvrier",1371
"151",2017,4,"Technique",555
"211",2017,4,"Unknown",1
"271",2017,4,"Total général",9774
"36",2017,5,"Administratif",7847
"96",2017,5,"Ouvrier",1371
"156",2017,5,"Technique",555
"216",2017,5,"Unknown",1
"276",2017,5,"Total général",9774
"41",2017,6,"Administratif",7923
"101",2017,6,"Ouvrier",1368
"161",2017,6,"Technique",558
"221",2017,6,"Unknown",1
"281",2017,6,"Total général",9850
"46",2017,7,"Administratif",7927
"106",2017,7,"Ouvrier",1331
"166",2017,7,"Technique",593
"226",2017,7,"Unknown",NA
"286",2017,7,"Total général",9851
"51",2017,8,"Administratif",7940
"111",2017,8,"Ouvrier",1330
"171",2017,8,"Technique",593
"231",2017,8,"Unknown",NA
"291",2017,8,"Total général",9863
"56",2017,9,"Administratif",7950
"116",2017,9,"Ouvrier",1330
"176",2017,9,"Technique",606
"236",2017,9,"Unknown",NA
"296",2017,9,"Total général",9886
"6",2017,10,"Administratif",7966
"66",2017,10,"Ouvrier",1337
"126",2017,10,"Technique",614
"186",2017,10,"Unknown",1
"246",2017,10,"Total général",9918
"11",2017,11,"Administratif",7975
"71",2017,11,"Ouvrier",1337
"131",2017,11,"Technique",629
"191",2017,11,"Unknown",1
"251",2017,11,"Total général",9942
"16",2017,12,"Administratif",7980
"76",2017,12,"Ouvrier",1336
"136",2017,12,"Technique",633
"196",2017,12,"Unknown",NA
"256",2017,12,"Total général",9949
"2",2018,1,"Administratif",7742
"62",2018,1,"Ouvrier",1270
"122",2018,1,"Technique",591
"182",2018,1,"Unknown",NA
"242",2018,1,"Total général",9603
"22",2018,2,"Administratif",7741
"82",2018,2,"Ouvrier",1270
"142",2018,2,"Technique",591
"202",2018,2,"Unknown",NA
"262",2018,2,"Total général",9602
"27",2018,3,"Administratif",7740
"87",2018,3,"Ouvrier",1270
"147",2018,3,"Technique",591
"207",2018,3,"Unknown",NA
"267",2018,3,"Total général",9601
"32",2018,4,"Administratif",7748
"92",2018,4,"Ouvrier",1270
"152",2018,4,"Technique",591
"212",2018,4,"Unknown",NA
"272",2018,4,"Total général",9609
"37",2018,5,"Administratif",7760
"97",2018,5,"Ouvrier",1268
"157",2018,5,"Technique",594
"217",2018,5,"Unknown",NA
"277",2018,5,"Total général",9622
"42",2018,6,"Administratif",7813
"102",2018,6,"Ouvrier",1267
"162",2018,6,"Technique",598
"222",2018,6,"Unknown",NA
"282",2018,6,"Total général",9678
"47",2018,7,"Administratif",7813
"107",2018,7,"Ouvrier",1267
"167",2018,7,"Technique",598
"227",2018,7,"Unknown",NA
"287",2018,7,"Total général",9678
"52",2018,8,"Administratif",7810
"112",2018,8,"Ouvrier",1267
"172",2018,8,"Technique",598
"232",2018,8,"Unknown",NA
"292",2018,8,"Total général",9675
"57",2018,9,"Administratif",7812
"117",2018,9,"Ouvrier",1267
"177",2018,9,"Technique",598
"237",2018,9,"Unknown",NA
"297",2018,9,"Total général",9677
"7",2018,10,"Administratif",7811
"67",2018,10,"Ouvrier",1264
"127",2018,10,"Technique",598
"187",2018,10,"Unknown",NA
"247",2018,10,"Total général",9673
"12",2018,11,"Administratif",7821
"72",2018,11,"Ouvrier",1263
"132",2018,11,"Technique",602
"192",2018,11,"Unknown",NA
"252",2018,11,"Total général",9686
"17",2018,12,"Administratif",7826
"77",2018,12,"Ouvrier",1262
"137",2018,12,"Technique",604
"197",2018,12,"Unknown",NA
"257",2018,12,"Total général",9692
"3",2019,1,"Administratif",7596
"63",2019,1,"Ouvrier",1196
"123",2019,1,"Technique",553
"183",2019,1,"Unknown",NA
"243",2019,1,"Total général",9345
"23",2019,2,"Administratif",7597
"83",2019,2,"Ouvrier",1197
"143",2019,2,"Technique",553
"203",2019,2,"Unknown",NA
"263",2019,2,"Total général",9347
"28",2019,3,"Administratif",7596
"88",2019,3,"Ouvrier",1195
"148",2019,3,"Technique",554
"208",2019,3,"Unknown",NA
"268",2019,3,"Total général",9345
"33",2019,4,"Administratif",7593
"93",2019,4,"Ouvrier",1195
"153",2019,4,"Technique",554
"213",2019,4,"Unknown",NA
"273",2019,4,"Total général",9342
"38",2019,5,"Administratif",7592
"98",2019,5,"Ouvrier",1194
"158",2019,5,"Technique",554
"218",2019,5,"Unknown",NA
"278",2019,5,"Total général",9340
"43",2019,6,"Administratif",7592
"103",2019,6,"Ouvrier",1194
"163",2019,6,"Technique",554
"223",2019,6,"Unknown",NA
"283",2019,6,"Total général",9340
"48",2019,7,"Administratif",7592
"108",2019,7,"Ouvrier",1194
"168",2019,7,"Technique",556
"228",2019,7,"Unknown",NA
"288",2019,7,"Total général",9342
"53",2019,8,"Administratif",7592
"113",2019,8,"Ouvrier",1194
"173",2019,8,"Technique",556
"233",2019,8,"Unknown",NA
"293",2019,8,"Total général",9342
"58",2019,9,"Administratif",7687
"118",2019,9,"Ouvrier",1194
"178",2019,9,"Technique",557
"238",2019,9,"Unknown",NA
"298",2019,9,"Total général",9438
"8",2019,10,"Administratif",7782
"68",2019,10,"Ouvrier",1193
"128",2019,10,"Technique",557
"188",2019,10,"Unknown",NA
"248",2019,10,"Total général",9532
"13",2019,11,"Administratif",7780
"73",2019,11,"Ouvrier",1192
"133",2019,11,"Technique",559
"193",2019,11,"Unknown",NA
"253",2019,11,"Total général",9531
"18",2019,12,"Administratif",7789
"78",2019,12,"Ouvrier",1193
"138",2019,12,"Technique",560
"198",2019,12,"Unknown",NA
"258",2019,12,"Total général",9542
"4",2020,1,"Administratif",7587
"64",2020,1,"Ouvrier",1149
"124",2020,1,"Technique",525
"184",2020,1,"Unknown",NA
"244",2020,1,"Total général",9261
"24",2020,2,"Administratif",7588
"84",2020,2,"Ouvrier",1146
"144",2020,2,"Technique",531
"204",2020,2,"Unknown",NA
"264",2020,2,"Total général",9265
"29",2020,3,"Administratif",7588
"89",2020,3,"Ouvrier",1146
"149",2020,3,"Technique",531
"209",2020,3,"Unknown",NA
"269",2020,3,"Total général",9265
"34",2020,4,"Administratif",7600
"94",2020,4,"Ouvrier",1146
"154",2020,4,"Technique",531
"214",2020,4,"Unknown",NA
"274",2020,4,"Total général",9277
"39",2020,5,"Administratif",7600
"99",2020,5,"Ouvrier",1146
"159",2020,5,"Technique",531
"219",2020,5,"Unknown",NA
"279",2020,5,"Total général",9277
"44",2020,6,"Administratif",7681
"104",2020,6,"Ouvrier",1065
"164",2020,6,"Technique",531
"224",2020,6,"Unknown",NA
"284",2020,6,"Total général",9277
"49",2020,7,"Administratif",7681
"109",2020,7,"Ouvrier",1062
"169",2020,7,"Technique",533
"229",2020,7,"Unknown",NA
"289",2020,7,"Total général",9276
"54",2020,8,"Administratif",7681
"114",2020,8,"Ouvrier",1062
"174",2020,8,"Technique",533
"234",2020,8,"Unknown",NA
"294",2020,8,"Total général",9276
"59",2020,9,"Administratif",7679
"119",2020,9,"Ouvrier",1062
"179",2020,9,"Technique",534
"239",2020,9,"Unknown",NA
"299",2020,9,"Total général",9275
"9",2020,10,"Administratif",7679
"69",2020,10,"Ouvrier",1063
"129",2020,10,"Technique",535
"189",2020,10,"Unknown",NA
"249",2020,10,"Total général",9277
"14",2020,11,"Administratif",7678
"74",2020,11,"Ouvrier",1063
"134",2020,11,"Technique",536
"194",2020,11,"Unknown",NA
"254",2020,11,"Total général",9277
"19",2020,12,"Administratif",7676
"79",2020,12,"Ouvrier",1063
"139",2020,12,"Technique",536
"199",2020,12,"Unknown",NA
"259",2020,12,"Total général",9275
"5",2021,1,"Administratif",7503
"65",2021,1,"Ouvrier",1034
"125",2021,1,"Technique",512
"185",2021,1,"Unknown",NA
"245",2021,1,"Total général",9049
"25",2021,2,"Administratif",7502
"85",2021,2,"Ouvrier",1034
"145",2021,2,"Technique",512
"205",2021,2,"Unknown",NA
"265",2021,2,"Total général",9048
"30",2021,3,"Administratif",7499
"90",2021,3,"Ouvrier",1034
"150",2021,3,"Technique",512
"210",2021,3,"Unknown",NA
"270",2021,3,"Total général",9045
"35",2021,4,"Administratif",7496
"95",2021,4,"Ouvrier",1032
"155",2021,4,"Technique",513
"215",2021,4,"Unknown",NA
"275",2021,4,"Total général",9041
"40",2021,5,"Administratif",7491
"100",2021,5,"Ouvrier",1032
"160",2021,5,"Technique",513
"220",2021,5,"Unknown",NA
"280",2021,5,"Total général",9036
"45",2021,6,"Administratif",7489
"105",2021,6,"Ouvrier",1031
"165",2021,6,"Technique",513
"225",2021,6,"Unknown",NA
"285",2021,6,"Total général",9033
"50",2021,7,"Administratif",7488
"110",2021,7,"Ouvrier",1031
"170",2021,7,"Technique",514
"230",2021,7,"Unknown",NA
"290",2021,7,"Total général",9033
"55",2021,8,"Administratif",7487
"115",2021,8,"Ouvrier",1028
"175",2021,8,"Technique",518
"235",2021,8,"Unknown",NA
"295",2021,8,"Total général",9033
"60",2021,9,"Administratif",7487
"120",2021,9,"Ouvrier",1028
"180",2021,9,"Technique",518
"240",2021,9,"Unknown",NA
"300",2021,9,"Total général",9033
"10",2021,10,"Administratif",7484
"70",2021,10,"Ouvrier",1025
"130",2021,10,"Technique",519
"190",2021,10,"Unknown",NA
"250",2021,10,"Total général",9028
"15",2021,11,"Administratif",7483
"75",2021,11,"Ouvrier",1025
"135",2021,11,"Technique",519
"195",2021,11,"Unknown",NA
"255",2021,11,"Total général",9027
"20",2021,12,"Administratif",7483
"80",2021,12,"Ouvrier",1024
"140",2021,12,"Technique",520
"200",2021,12,"Unknown",NA
"260",2021,12,"Total général",9027
