"","NobmreAgent","Mois","Annee","gender"
"1",5929,"Jan","2017","H"
"6",6041,"Oct","2017","H"
"11",6058,"Nov","2017","H"
"16",6062,"Dec","2017","H"
"21",5931,"Feb","2017","H"
"26",5933,"Mar","2017","H"
"31",5931,"Apr","2017","H"
"36",5931,"May","2017","H"
"41",6007,"Jun","2017","H"
"46",6007,"Jul","2017","H"
"51",6006,"Aug","2017","H"
"56",6023,"Sep","2017","H"
"110",3833,"Jan","2017","F"
"62",3877,"Oct","2017","F"
"111",3884,"Nov","2017","F"
"161",3887,"Dec","2017","F"
"211",3834,"Feb","2017","F"
"261",3844,"Mar","2017","F"
"311",3843,"Apr","2017","F"
"361",3843,"May","2017","F"
"411",3843,"Jun","2017","F"
"461",3844,"Jul","2017","F"
"511",3857,"Aug","2017","F"
"561",3863,"Sep","2017","F"
"2",5827,"Jan","2018","H"
"7",5843,"Oct","2018","H"
"12",5849,"Nov","2018","H"
"17",5853,"Dec","2018","H"
"22",5825,"Feb","2018","H"
"27",5824,"Mar","2018","H"
"32",5828,"Apr","2018","H"
"37",5833,"May","2018","H"
"42",5844,"Jun","2018","H"
"47",5844,"Jul","2018","H"
"52",5843,"Aug","2018","H"
"57",5844,"Sep","2018","H"
"210",3776,"Jan","2018","F"
"71",3830,"Oct","2018","F"
"121",3837,"Nov","2018","F"
"171",3839,"Dec","2018","F"
"221",3777,"Feb","2018","F"
"271",3777,"Mar","2018","F"
"321",3781,"Apr","2018","F"
"371",3789,"May","2018","F"
"421",3834,"Jun","2018","F"
"471",3834,"Jul","2018","F"
"521",3832,"Aug","2018","F"
"571",3833,"Sep","2018","F"
"3",5610,"Jan","2019","H"
"8",5731,"Oct","2019","H"
"13",5729,"Nov","2019","H"
"18",5738,"Dec","2019","H"
"23",5611,"Feb","2019","H"
"28",5609,"Mar","2019","H"
"33",5608,"Apr","2019","H"
"38",5606,"May","2019","H"
"43",5606,"Jun","2019","H"
"48",5607,"Jul","2019","H"
"53",5607,"Aug","2019","H"
"58",5641,"Sep","2019","H"
"310",3735,"Jan","2019","F"
"81",3801,"Oct","2019","F"
"131",3802,"Nov","2019","F"
"181",3804,"Dec","2019","F"
"231",3736,"Feb","2019","F"
"281",3736,"Mar","2019","F"
"331",3734,"Apr","2019","F"
"381",3734,"May","2019","F"
"431",3734,"Jun","2019","F"
"481",3735,"Jul","2019","F"
"531",3735,"Aug","2019","F"
"581",3797,"Sep","2019","F"
"4",5567,"Jan","2020","H"
"9",5580,"Oct","2020","H"
"14",5580,"Nov","2020","H"
"19",5578,"Dec","2020","H"
"24",5571,"Feb","2020","H"
"29",5571,"Mar","2020","H"
"34",5580,"Apr","2020","H"
"39",5580,"May","2020","H"
"44",5580,"Jun","2020","H"
"49",5579,"Jul","2020","H"
"54",5579,"Aug","2020","H"
"59",5578,"Sep","2020","H"
"410",3694,"Jan","2020","F"
"91",3697,"Oct","2020","F"
"141",3697,"Nov","2020","F"
"191",3697,"Dec","2020","F"
"241",3694,"Feb","2020","F"
"291",3694,"Mar","2020","F"
"341",3697,"Apr","2020","F"
"391",3697,"May","2020","F"
"441",3697,"Jun","2020","F"
"491",3697,"Jul","2020","F"
"541",3697,"Aug","2020","F"
"591",3697,"Sep","2020","F"
"5",5433,"Jan","2021","H"
"10",5419,"Oct","2021","H"
"15",5419,"Nov","2021","H"
"20",5419,"Dec","2021","H"
"25",5432,"Feb","2021","H"
"30",5430,"Mar","2021","H"
"35",5428,"Apr","2021","H"
"40",5423,"May","2021","H"
"45",5420,"Jun","2021","H"
"50",5420,"Jul","2021","H"
"55",5419,"Aug","2021","H"
"60",5419,"Sep","2021","H"
"510",3616,"Jan","2021","F"
"101",3609,"Oct","2021","F"
"151",3608,"Nov","2021","F"
"201",3608,"Dec","2021","F"
"251",3616,"Feb","2021","F"
"301",3615,"Mar","2021","F"
"351",3613,"Apr","2021","F"
"401",3613,"May","2021","F"
"451",3613,"Jun","2021","F"
"501",3613,"Jul","2021","F"
"551",3614,"Aug","2021","F"
"601",3614,"Sep","2021","F"
